{"cameraMode":{"drawMode":0,"name":"Shaded","section":"Shading Mode"},"sceneLighting":true,"audioPlay":false,"sceneViewState":{"showFog":false,"showMaterialUpdate":false,"showSkybox":false,"showFlares":false,"showImageEffects":false,"showParticleSystems":true},"in2DMode":false,"pivot":{"x":-0.6110473871231079,"y":1.259303092956543,"z":-3.665426731109619},"rotation":{"x":0.21324361860752107,"y":0.13143686950206757,"z":-0.02896406501531601,"w":0.9676842093467712},"size":12.99161434173584,"orthographic":false}